symbol,open,high,low,close,volume,unlocked_mkt_cap,circulating_supply,total_supply,volume_24h,volume_market_cap_24h
BTCUSDT,111240.01,112575.27,110528.71,112183.68,11014.15741,2234500875181.6377,19915362.0,19915362.0,62921129204.92836,0.02815891902473014
ETHUSDT,4326.49,4490.64,4283.23,4465.17,457336.6839,539409943058.7103,120705395.86464128,120705395.86464128,36953689705.73407,0.06850761685294326
BNBUSDT,851.8,864.06,848.91,853.85,108292.122,118835200650.32431,139187656.59,139187656.59,1926565061.280191,0.016212073953989097
NEOUSDT,6.566,6.698,6.454,6.634,487934.7,468458392.55831385,70538831.0,100000000.0,25767360.1710711,0.055004586491346874
LTCUSDT,111.76,113.31,110.79,112.51,247742.446,8589975745.974352,76259114.48347135,84000000.0,493637500.6951666,0.05746669318903575
QTUMUSDT,2.648,2.73,2.566,2.681,1924864.7,284478301.42691106,105794225.0,107822406.0,88314349.54186721,0.3104431835359407
ADAUSDT,0.8348,0.8437,0.826,0.8405,79238884.3,30072860266.206097,35740930890.560295,44994598363.527115,921461601.1099019,0.030640969729952155
XRPUSDT,2.862,2.8867,2.811,2.857,89346610.7,170191468931.8541,59482264023.0,99985819185.0,4692391247.857671,0.0275712482964498
TUSDUSDT,0.9966,0.9969,0.9965,0.9965,183389.0,493018079.43707025,494515083.0,494515083.0,49268356.34979408,0.09993214935656895
IOTAUSDT,0.1875,0.1917,0.1838,0.1895,9097613.0,761766803.6900177,4011255526.0,4600000000.0,16086460.32420744,0.02111730288886864
XLMUSDT,0.3681,0.3688,0.3604,0.3627,42396896.0,11521405551.677279,31714039952.691357,50001786886.69552,216739361.56029245,0.018811885458605324
ONTUSDT,0.1401,0.1421,0.1378,0.1412,6354565.0,129282047.86767323,914697857.0,1000000000.0,8905550.51959386,0.06888466470386627
TRXUSDT,0.338,0.3419,0.3366,0.3416,216920865.0,32357907015.38083,94660153525.64832,94660155852.24081,709853795.0903947,0.02193756829676829
ETCUSDT,20.81,21.17,20.6,20.93,259014.74,3215719400.157275,153373533.27405825,210700000.0,102991875.09966335,0.032027631233815426
ICXUSDT,0.1282,0.1301,0.1271,0.1298,1674416.6,139566409.67735538,1074852056.5555851,1088925349.582088,1574460.71407517,0.011281086313783896
VETUSDT,0.02389,0.02419,0.02351,0.02401,218004274.3,2065756057.4732158,85985041177.0,85985041177.0,43107413.50334437,0.020867620524406133
